{
    "prepare_queue": {
        "installed": [],
        "uninstalled": []
    },
    "config_munge": {
        "files": {
            "config.xml": {
                "parents": {
                    "/*": [
                        {
                            "xml": "<feature name=\"SplashScreen\"><param name=\"ios-package\" value=\"CDVSplashScreen\" /><param name=\"onload\" value=\"true\" /></feature>",
                            "count": 1
                        },
                        {
                            "xml": "<feature name=\"Keyboard\"><param name=\"ios-package\" onload=\"true\" value=\"CDVKeyboard\" /></feature>",
                            "count": 1
                        }
                    ]
                }
            }
        }
    },
    "installed_plugins": {
        "cordova-plugin-whitelist": {
            "PACKAGE_NAME": "com.project.forum"
        },
        "cordova-plugin-splashscreen": {
            "PACKAGE_NAME": "com.project.forum"
        },
        "cordova-plugin-keyboard": {
            "PACKAGE_NAME": "com.project.forum"
        }
    },
    "dependent_plugins": {},
    "modules": [
        {
            "id": "cordova-plugin-splashscreen.SplashScreen",
            "file": "plugins/cordova-plugin-splashscreen/www/splashscreen.js",
            "pluginId": "cordova-plugin-splashscreen",
            "clobbers": [
                "navigator.splashscreen"
            ]
        },
        {
            "id": "cordova-plugin-keyboard.keyboard",
            "file": "plugins/cordova-plugin-keyboard/www/keyboard.js",
            "pluginId": "cordova-plugin-keyboard",
            "clobbers": [
                "window.Keyboard"
            ]
        }
    ],
    "plugin_metadata": {
        "cordova-plugin-whitelist": "1.3.2",
        "cordova-plugin-splashscreen": "4.0.3",
        "cordova-plugin-keyboard": "1.1.5"
    }
}